{"cameraMode":{"drawMode":0,"name":"Shaded","section":"Shading Mode"},"sceneLighting":false,"audioPlay":false,"sceneViewState":{"showFog":true,"showMaterialUpdate":false,"showSkybox":false,"showFlares":true,"showImageEffects":true,"showParticleSystems":true},"in2DMode":false,"pivot":{"x":-1.7571215629577637,"y":0.7752875685691834,"z":20.459821701049806},"rotation":{"x":-0.417543888092041,"y":0.020997200161218644,"z":-0.009649936109781266,"w":-0.9083629250526428},"size":7.877712249755859,"orthographic":false}