{"cameraMode":{"drawMode":0,"name":"Shaded","section":"Shading Mode"},"sceneLighting":false,"audioPlay":false,"sceneViewState":{"showFog":true,"showMaterialUpdate":false,"showSkybox":false,"showFlares":true,"showImageEffects":true,"showParticleSystems":true},"in2DMode":false,"pivot":{"x":4.106478691101074,"y":4.017843246459961,"z":-0.48427000641822817},"rotation":{"x":-0.1636015921831131,"y":0.5866357088088989,"z":-0.1224718689918518,"w":-0.7836413383483887},"size":4.041658401489258,"orthographic":false}