{"cameraMode":{"drawMode":0,"name":"Shaded","section":"Shading Mode"},"sceneLighting":false,"audioPlay":false,"sceneViewState":{"showFog":true,"showMaterialUpdate":false,"showSkybox":false,"showFlares":true,"showImageEffects":true,"showParticleSystems":true},"in2DMode":false,"pivot":{"x":-17.452455520629884,"y":1.401581048965454,"z":-19.496789932250978},"rotation":{"x":0.12025868147611618,"y":0.4092925786972046,"z":-0.05452732741832733,"w":0.9027979969978333},"size":6.4994988441467289,"orthographic":false}