{"cameraMode":{"drawMode":0,"name":"Shaded","section":"Shading Mode"},"sceneLighting":false,"audioPlay":false,"sceneViewState":{"showFog":true,"showMaterialUpdate":false,"showSkybox":false,"showFlares":true,"showImageEffects":true,"showParticleSystems":true},"in2DMode":false,"pivot":{"x":-81.37953186035156,"y":-0.15401393175125123,"z":-41.75157928466797},"rotation":{"x":-0.009043237194418908,"y":0.686880350112915,"z":-0.008539802394807339,"w":-0.726664125919342},"size":44.766056060791019,"orthographic":false}