{"cameraMode":{"drawMode":0,"name":"Shaded","section":"Shading Mode"},"sceneLighting":false,"audioPlay":false,"sceneViewState":{"showFog":true,"showMaterialUpdate":false,"showSkybox":false,"showFlares":true,"showImageEffects":true,"showParticleSystems":true},"in2DMode":false,"pivot":{"x":-29.823654174804689,"y":2.107922077178955,"z":3.3788681030273439},"rotation":{"x":-0.012597891502082348,"y":-0.9863477349281311,"z":0.09091964364051819,"w":-0.13672247529029847},"size":5.955234050750732,"orthographic":false}