{"cameraMode":{"drawMode":0,"name":"Shaded","section":"Shading Mode"},"sceneLighting":true,"audioPlay":false,"sceneViewState":{"showFog":true,"showMaterialUpdate":false,"showSkybox":true,"showFlares":true,"showImageEffects":true,"showParticleSystems":true},"in2DMode":false,"pivot":{"x":-4.392050266265869,"y":9.047072410583496,"z":-3.1929237842559816},"rotation":{"x":0.14734582602977754,"y":0.1497066766023636,"z":-0.030445698648691179,"w":0.977215588092804},"size":4.0416579246521,"orthographic":false}