{"cameraMode":{"drawMode":0,"name":"Shaded","section":"Shading Mode"},"sceneLighting":false,"audioPlay":false,"sceneViewState":{"showFog":true,"showMaterialUpdate":false,"showSkybox":false,"showFlares":true,"showImageEffects":true,"showParticleSystems":true},"in2DMode":false,"pivot":{"x":-1.703761339187622,"y":0.06836044788360596,"z":2.8890228271484377},"rotation":{"x":-0.07608958333730698,"y":0.2317417412996292,"z":-0.018184809014201165,"w":-0.9696264863014221},"size":7.561326503753662,"orthographic":false}