{"cameraMode":{"drawMode":0,"name":"Shaded","section":"Shading Mode"},"sceneLighting":false,"audioPlay":false,"sceneViewState":{"showFog":true,"showMaterialUpdate":false,"showSkybox":false,"showFlares":true,"showImageEffects":true,"showParticleSystems":true},"in2DMode":false,"pivot":{"x":-0.09499996900558472,"y":0.3957239091396332,"z":7.400000095367432},"rotation":{"x":0.0852893590927124,"y":-0.20767948031425477,"z":0.018178720027208329,"w":0.9743020534515381},"size":3.4469377994537355,"orthographic":false}